#{"t_start": 1675955985.0633118, "env_id": null}
r,l,t
-2988.2097,295,23.811754
-2616.374592,277,25.782789
-1920.517185,205,27.228039
-3390.318769,369,29.845069
-2457.464177,423,32.860018
-1505.615254,312,35.105356
-681.970446,218,36.657278
-808.231654,391,39.435156
-712.610631,399,42.245146
-423.205188,264,44.106231
-390.705523,238,45.793136
-377.562342,224,47.360761
-447.491605,267,49.231891
-498.926908,312,51.436319
-632.858062,408,54.303648
-500.265766,284,56.267389
-489.434762,284,58.268516
-798.958569,438,61.384086
-940.601262,342,63.805869
-878.296769,307,65.969803
-956.170992,291,68.034342
-1407.577023,315,70.259988
-998.080538,308,72.424339
-902.431,390,75.192484
-554.04301,311,77.382454
-650.756254,330,79.729691
-450.918523,273,81.659723
-778.141554,331,84.027621
-807.102992,340,86.45157
-426.070508,185,87.768569
-694.492738,312,90.004632
-725.449431,367,92.604378
-634.362169,336,94.981482
-622.386008,337,97.370061
-557.813854,277,99.328309
-817.499615,485,102.733668
-414.585869,253,104.505061
-588.054956,389,107.273718
-394.655654,226,108.888472
-552.900426,364,111.439668
-489.596386,329,113.777056
-360.092522,268,115.648089
-304.120925,206,117.069136
-438.853243,336,119.429099
-333.7226,265,121.251008
-378.8469,300,123.341455
-381.874988,303,125.462734
-433.988069,318,127.683053
-363.840638,240,129.398474
-395.9268,272,131.318267
-491.871323,344,133.759308
-274.778431,175,134.975552
-347.987526,258,136.783859
-466.462675,345,139.215959
-365.84,283,141.177715
-278.88,206,142.597996
-316.667854,216,144.134295
-346.392569,245,145.850132
-339.7596,271,147.730043
-483.313275,326,150.035089
-350.268024,251,151.810033
-481.974783,380,154.467407
-452.177715,316,156.702488
-316.18,248,158.427123
-310.22902,242,160.116958
-332.14,257,161.892128
-301.241176,221,163.430974
-319.779994,251,165.182834
-328.9543,263,167.002636
-416.931273,336,169.361335
-365.133874,273,171.289083
-365.183922,282,173.264672
-307.82,234,174.892592
-349.28,263,176.71993
-376.271614,274,178.651424
-305.28,237,180.298583
-389.58,301,182.389536
-391.06,328,184.661749
-361.82,292,186.689901
-339.250649,242,188.384147
-379.701312,277,190.351624
-340.605716,252,192.110705
-358.648235,281,194.071682
-388.564081,284,196.065088
-518.426531,412,198.943059
-354.4788,275,200.866337
-398.91422,306,203.013704
-413.2,341,205.350998
-323.36,254,207.105079
-452.395543,381,209.767639
-292.42,216,211.261686
-349.12,279,213.203643
-386.4974,321,215.423898
-366.973598,287,217.420266
-285.1659,224,218.968784
-340.02,262,220.79248
-447.547008,322,223.067342
-404.437255,328,225.34849
-490.162588,378,227.989246
-455.6941,372,230.576114
-237.1331,177,231.804885
-410.12,323,234.046234
-363.766275,275,235.958106
-322.92,261,237.770128
-387.884845,297,239.855547
-450.482886,350,242.308774
-327.4,256,244.087246
-313.3081,253,245.839116
-283.62,213,247.319415
-316.38,248,249.037173
-329.42,257,250.823075
-265.54,197,252.187688
-316.5271,241,253.861254
-302.46,224,255.417481
-323.08,229,257.014382
-398.24,319,259.231334
-300.6934,237,260.870977
-291.74,224,262.426233
-308.88,237,264.06815
-438.26,379,266.681421
-366.02,291,268.700019
-312.12,241,270.367687
-341.3807,260,272.176909
-429.88,363,274.696437
-383.28,304,276.811425
-368.0621,295,278.867186
-344.62,280,280.809543
-409.04,334,283.127195
-277.42,205,284.551635
-305.06,236,286.192438
-391.34,305,288.318233
-400.64,338,290.653461
-282.14,207,292.098723
-396.66,334,294.417773
-298.4613,224,295.973575
-344.62,273,297.86779
-384.36,303,299.968929
-366.4,295,302.011565
-279.5,213,303.483157
-346.98,259,305.29254
-395.76,323,307.533494
-319.94,253,309.284391
-270.68,207,310.722551
-444.82,384,313.372017
-350.576078,282,315.327136
-405.66,324,317.576246
-288.2581,213,319.054336
-428.5,341,321.425652
-377.58,307,323.55237
-434.68,340,325.926032
-286.3,207,327.362005
-324.26,255,329.131764
-372.12,279,331.066177
-328.88,259,332.865231
-338.78,268,334.71501
-306.6,246,336.425173
-338.8562,262,338.240042
-409.16,332,340.546502
-429.46,335,342.88067
-279.16,202,344.290419
-267.38,200,345.670253
-369.3169,298,347.734082
-346.18,268,349.600449
-352.4,294,351.640549
-369.94,288,353.63495
-332.989412,257,355.441986
-320.0547,242,357.12383
-322.02,243,358.817465
-283.34,219,360.344816
-253.36,187,361.643006
-316.34,245,363.338964
-296.0502,218,364.85895
-308.44,244,366.543439
-348.6,286,368.518099
-349.24,262,370.341217
-317.68,252,372.09026
-324.44,254,373.856035
-396.48,323,376.110389
-372.7081,298,378.176853
-399.08,332,380.499978
-414.56,325,382.762307
-379.18,307,384.896465
-362.52,299,386.968172
-291.94,214,388.455654
-422.3,348,390.873807
-250.3,183,392.133594
-243.78,175,393.335988
-344.14,263,395.14138
-319.9842,249,396.867505
-328.3,268,398.727193
-263.6,196,400.09043
-378.04,294,402.134547
-274.54,203,403.54709
-333.68,254,405.309559
-381.9,310,407.46617
-503.6081,406,410.297984
-294.94,222,411.838016
-356.64,284,413.816192
-327.24,245,415.527307
-310.6562,234,417.164289
-388.32549,322,419.400703
-397.34,332,421.694107
-408.6421,320,423.925517
-320.54,259,425.716269
-310.54,249,427.442446
-322.38,241,429.111717
-318.22,265,430.94136
-301.46,224,432.50442
-399.52,317,434.713332
-334.98,258,436.508228
-358.52,283,438.47456
-317.12,259,440.27437
-338.78,262,442.098668
-292.4,223,443.642399
-320.88,256,445.421738
-334.36,276,447.32762
-325.74,262,449.140903
-329.24,262,450.963135
-347.94,276,452.893601
-289.32,214,454.382029
-332.22,261,456.194559
-334.7,264,458.028967
-308.2,241,459.704281
-390.44,300,461.791813
-372.14,305,463.904688
-277.2081,204,465.326834
-361.22,287,467.32505
-322.74,241,469.006351
-407.78,346,471.396121
-438.26,353,473.844989
-415.84,346,476.298724
-373.878039,308,478.435919
-299.86,234,480.057256
-336.1,262,481.879973
-378.78,304,483.988814
-313.92,251,485.729986
-388.28,295,487.787432
-332.56,263,489.613343
-288.26,219,491.134287
-340.62,273,493.027532
-348.68,276,494.935
-367.66,295,496.976456
-314.24,240,498.641173
-413.54,349,501.071025
-358.2,294,503.114579
-366.5,289,505.129505
-274.82,215,506.609663
-279.28,205,508.038386
-360.34,297,510.101781
-332.76,276,512.012918
-308.5,243,513.696293
-296.28,214,515.187391
-384.4,317,517.382962
-351.62,279,519.318707
-357.72,279,521.256121
-340.28,271,523.137233
-390.02,325,525.383568
-306.36,242,527.055605
-323.1,249,528.786202
-440.76,359,531.273786
-347.98,281,533.222898
-284.96,218,534.729117
-326.16,253,536.483493
-328.26,257,538.269587
-381.56,320,540.490259
-361.58,283,542.453089
-394.710588,300,544.552309
-317.5,255,546.316733
-319.9,235,547.952103
-294.78,228,549.532647
-315.16,245,551.23187
-335.96,269,553.094571
-389.28,312,555.258631
-444.42,391,557.962929
-340.16,263,559.791819
-378.32,310,561.946999
-393.64,302,564.04417
-322.08,235,565.679788
-291.18,223,567.223153
-316.36,238,568.868099
-418.46,348,571.280715
-264.38,191,572.607074
-291.86,218,574.127987
-415.1,355,576.592056
-264.46,197,577.952968
-283.38,210,579.41782
-335.34,273,581.311227
-378.44,296,583.368667
-298.72,222,584.916457
-384.56,299,586.994937
-434.78,342,589.385861
-316.06,248,591.099523
-311.12,242,592.791458
-364.04,281,594.749186
-481.12,393,597.476274
-221.58,152,598.532264
-399.84,315,600.720276
-304.34,240,602.383403
-348.06,275,604.296159
-437.02,371,606.876172
-336.36,249,608.615177
-389.66,325,610.869924
-396.4259,310,613.02471
-435.18,340,615.390403
-355.8,289,617.39443
-342.68,278,619.316018
-317.9,238,620.975863
-357.8,295,623.0119
-273.24,206,624.438539
-349.96,296,626.486263
-407.2,330,628.781029
-282.16,206,630.199472
-390.68,315,632.384127
-305.18,241,634.057796
-299.52,229,635.643268
-313.62,239,637.305227
-361.049412,288,639.317338
-388.86,309,641.469747
-529.5646,441,644.539488
-349.839608,270,646.4193
-331.32,268,648.269235
-455.912549,379,650.922979
-415.4331,331,653.22741
-284.32,205,654.649765
-348.62,279,656.588965
-373.711041,284,658.593003
-414.28,331,660.907548
-353.82,290,662.921872
-292.92,212,664.400783
-337.76,265,666.247421
-326.3,257,668.028532
-376.54,285,670.015628
-297.54,233,671.632134
-289.16,209,673.089875
-399.92,337,675.430727
-287.04,219,676.95094
-385.78,319,679.154191
-332.5,273,681.053545
-381.72,296,683.105883
-309.377647,225,684.682074
-339.72,264,686.513666
-362.66,295,688.560548
-363.56,288,690.560879
-306.1,228,692.143549
-367.88,283,694.11128
-340.32,288,696.107224
-375.66,301,698.1938
-276.86,207,699.628247
-366.640055,292,701.654444
-387.58,311,703.821167
-270.76,200,705.210416
-332.2,273,707.089357
-315.6,240,708.751995
-299.12,226,710.3178
-277.4,207,711.754542
-311.48,243,713.448303
-297.768235,215,714.953389
-408.1,339,717.308441
-396.7562,328,719.590203
-346.02,257,721.381336
-390.653725,296,723.454124
-342.9741,267,725.301591
-426.18,349,727.726694
-354.24,266,729.580209
-298.86,212,731.048723
-339.72,284,733.010307
-383.28,303,735.112401
-315.94,246,736.817963
-464.12,368,739.373136
-379.66,313,741.539799
-384.5,299,743.627691
-391.7,322,745.85026
-325.9,261,747.659248
-328.16,259,749.455918
-322.94,248,751.178025
-457.2,389,753.86517
-444.737726,301,755.963813
-342.062745,252,757.713504
-402.95219,303,759.82899
-397.423137,317,762.035667
-411.62,323,764.284363
-389.6546,321,766.509615
-324.68,248,768.240669
-392.6541,317,770.431874
-310.6,241,772.100664
-406.12,310,774.255218
-311.56,242,775.941472
-301.7992,228,777.514252
-376.592157,277,779.459496
-356.90549,280,781.411103
-358.82,288,783.410609
-295.48,226,784.976256
-354.64,275,786.878768
-343.0302,274,788.785462
-344.26,271,790.658643
-274.12,203,792.067423
-257.48,174,793.281184
-342.242353,263,795.118317
-382.0,310,797.269694
-312.8,235,798.905236
-352.36,290,800.912701
-287.66,208,802.360381
-447.2436,369,804.929289
-342.930082,270,806.80154
-324.06,251,808.537913
-304.2,225,810.095037
-350.82,291,812.101954
-321.64,250,813.840094
-338.62,275,815.74858
-443.8,371,818.322902
-354.92,297,820.381197
-295.62,227,821.951257
-342.84,296,823.998781
-329.02,251,825.74543
-359.25451,276,827.684051
-305.64,231,829.291171
-376.34,301,831.384934
-376.900784,307,833.534353
-404.92,321,835.771044
-339.64,265,837.619387
-386.3545,312,839.78367
-328.38,259,841.584687
-307.52,239,843.245175
-444.42,361,845.760625
-323.82,261,847.574743
-471.109877,302,849.692073
-451.888366,357,852.206542
-364.298704,321,854.434018
-300.969394,215,855.933481
-315.62,258,857.709335
-298.1,219,859.230524
-344.18,277,861.146756
-363.96,293,863.182436
-404.88,326,865.438343
-281.34,214,866.92162
-292.86,215,868.414876
-433.44,366,870.947351
-352.734042,263,872.799088
-334.46,267,874.65252
-317.64,244,876.34802
-367.18,279,878.277363
-411.973733,323,880.526718
-468.775515,338,882.919944
-524.121011,433,885.958114
-495.074424,419,888.881536
-330.221961,251,890.633941
-358.085882,298,892.70878
-420.155216,335,895.064502
-300.54,224,896.625875
-292.02,215,898.115592
-280.74,203,899.518146
-289.08,212,900.995388
-297.92,220,902.526556
-289.06,216,904.029031
-359.4872,293,906.054122
-361.0,287,908.049584
-371.68,294,910.086192
-353.86,296,912.130792
-381.357647,295,914.189939
-425.261569,330,916.495974
-375.14,294,918.541088
-281.48,211,920.003351
-352.62,275,921.915148
-387.870588,322,924.144199
-406.72,349,926.561651
-390.288651,302,928.664441
-372.18,302,930.755803
-357.42,294,932.789031
-261.92,191,934.109329
-346.599608,277,936.038575
-344.8,272,937.929789
-259.44,173,939.145588
-370.7,301,941.248693
-409.8807,328,943.526323
-489.801281,304,945.654776
-311.790977,189,946.996549
-325.86,257,948.785455
-438.111644,350,951.229761
-297.7056,220,952.761151
-381.44,297,954.825987
-373.22,297,956.891314
-253.54,191,958.210134
-411.12,334,960.518944
-332.9,262,962.338818
-312.3,235,963.972021
-288.76,212,965.444858
-411.24,336,967.783031
-351.12,290,969.795192
-255.68,197,971.158067
-379.788627,290,973.189937
-378.1278,298,975.260081
-316.88,246,976.970859
-426.033516,345,979.366915
-345.84,276,981.280124
-338.340141,261,983.097105
-295.286667,211,984.566476
-378.08,288,986.578831
-439.521976,339,988.961548
-281.04,218,990.476295
-336.42,261,992.287411
-266.6,204,993.707258
-448.22,388,996.388242
-410.58,323,998.63827
-318.5196,237,1000.282999
-296.56,227,1001.859571
-369.513078,288,1003.864877
-282.7102,209,1005.31118
-385.78,319,1007.523723
-343.599216,267,1009.3887
-439.24,365,1011.923223
-426.96,341,1014.296135
-376.5,316,1016.478823
-405.0,328,1018.750021
-273.76,197,1020.121432
-401.82,327,1022.388726
-338.607843,256,1024.183643
-345.2,288,1026.166534
-276.44,214,1027.648954
-359.06,283,1029.610681
-335.02,250,1031.348919
-355.2,289,1033.35849
-496.56,411,1036.21984
-365.6871,282,1038.180077
-390.08,307,1040.314556
-336.832941,262,1042.144771
-344.981,272,1044.040319
-400.88,324,1046.292862
-303.44,232,1047.908086
-344.74132,260,1049.719947
-457.778431,367,1052.27494
-424.2341,362,1054.781213
-378.24,302,1056.874604
-341.34,276,1058.77551
-355.86,271,1060.66808
-373.96,286,1062.657066
-339.283922,241,1064.344932
-352.7,275,1066.249738
-380.44,305,1068.350306
-341.74,266,1070.183105
-363.507059,266,1072.024657
-420.34,362,1074.513353
-485.68,423,1077.40448
-298.32,220,1078.914671
-302.12,231,1080.500853
-315.32,237,1082.129585
-334.02,280,1084.042471
-317.34,242,1085.694357
-357.2,304,1087.768707
-286.3,210,1089.208627
-373.98,294,1091.235142
-435.56,361,1093.712384
-314.5221,237,1095.340787
-348.307059,247,1097.045092
-316.7741,238,1098.679072
-290.4407,226,1100.223112
-351.24,269,1102.063732
-281.82,208,1103.490507
-398.4,311,1105.626287
-382.34,291,1107.636722
-279.38,212,1109.095317
-358.94,296,1111.125031
-339.36,275,1113.013052
-264.76,198,1114.372463
-340.583529,252,1116.12335
-265.22,194,1117.458045
-265.62,183,1118.724699
-324.78,242,1120.392923
-293.74,217,1121.881111
-427.42,336,1124.203106
-355.18,297,1126.238679
-344.98,270,1128.091367
-386.98,303,1130.176047
-334.7801,256,1131.945373
-360.24,290,1133.935485
-411.9,350,1136.332116
-391.84,306,1138.434373
-392.6362,330,1140.7067
-411.8603,322,1142.928041
-337.22,254,1144.681578
-276.72,200,1146.056924
-372.0221,301,1148.123458
-346.4,278,1150.03745
-299.103922,215,1151.540041
-367.455294,300,1153.610341
-283.22,215,1155.087076
-327.075686,243,1156.76384
-352.84,294,1158.764513
-467.84,394,1161.471665
-334.88,257,1163.240452
-348.24,267,1165.084559
-395.62,318,1167.279774
-327.28,234,1168.891191
-342.3,264,1170.700165
-358.14,299,1172.756045
-285.08,225,1174.305126
-403.06,328,1176.56424
-401.54,317,1178.743441
-364.08,296,1180.781394
-351.26,278,1182.694516
-373.42,297,1184.744454
-452.7196,368,1187.269632
-311.8221,230,1188.857702
-306.18,232,1190.45122
-295.66,226,1192.006286
-379.644706,303,1194.106173
-396.484706,317,1196.298554
-310.24,233,1197.893734
-400.58,330,1200.154633
-265.18,196,1201.495393
-285.432,215,1202.972736
-401.425237,318,1205.169641
-321.26,248,1206.868006
-408.28,322,1209.089906
-394.22,326,1211.32525
-389.64,319,1213.522023
-463.1741,408,1216.308014
-389.24,303,1218.392932
-384.7442,312,1220.53218
-321.76,247,1222.230918
-306.86,230,1223.814118
-426.04,351,1226.232682
-315.72,244,1227.914207
-448.819216,357,1230.377391
-425.56,371,1232.91593
-403.0,334,1235.207467
-350.56,271,1237.076774
-350.8,280,1239.015003
-384.16,304,1241.103362
-487.4459,415,1243.961299
-351.0,274,1245.849638
-357.58,286,1247.817413
-343.58,283,1249.761872
-287.84,213,1251.223519
-281.86,206,1252.64739
-355.24,269,1254.497764
-335.36,263,1256.313524
-386.9,310,1258.446923
-294.34,231,1260.03926
-326.08,253,1261.784365
-398.44,322,1263.995443
-294.76,220,1265.510859
-352.72,270,1267.370572
-368.72,289,1269.359921
-341.5,266,1271.188958
-386.6,309,1273.309347
-300.6,227,1274.876139
-321.8,256,1276.640607
-352.13451,276,1278.537156
-466.92,392,1281.225552
-327.48,252,1282.967151
-297.1,232,1284.559978
-351.84,271,1286.421833
-333.28,254,1288.174878
-355.88,278,1290.089785
-379.86,292,1292.100196
-402.4762,318,1294.290747
-288.34,209,1295.722117
-308.22,237,1297.354066
-345.32,289,1299.328948
-285.7,220,1300.842219
-347.88,267,1302.679632
-357.12,285,1304.633591
-451.4,358,1307.108324
-340.44,264,1308.91985
-312.46,250,1310.638412
-466.0,387,1313.306427
-305.805882,229,1314.881065
-320.68,245,1316.577487
-343.48,261,1318.376646
-458.127511,359,1320.880893
-332.8,247,1322.584777
-343.012,261,1324.380236
-404.752207,283,1326.350481
-396.287939,308,1328.482627
-486.494037,336,1330.819736
-410.750525,323,1333.045902
-295.944865,203,1334.460938
-401.015994,308,1336.595214
-382.0,315,1338.759691
-358.98,289,1340.747535
-416.44,338,1343.066631
-347.3,272,1344.941051
-351.34,284,1346.892524
-323.64,255,1348.641642
-394.801059,319,1350.842264
-384.6764,317,1353.014666
-348.791904,260,1354.806725
-336.636985,226,1356.380324
-354.450282,285,1358.350032
-357.800276,269,1360.213557
-473.644437,383,1362.857551
-278.500669,189,1364.167667
-345.3013,266,1366.000343
-397.68,311,1368.136613
-493.568167,364,1370.669346
-405.0726,332,1372.941916
-380.2912,292,1374.949801
-455.211692,352,1377.405915
-292.24,212,1378.868211
-391.78,316,1381.054063
-321.0969,253,1382.788236
-333.92,261,1384.583773
-307.912,222,1386.12412
-365.1214,296,1388.150277
-384.008235,312,1390.312766
-294.98,227,1391.870425
-327.48,256,1393.634101
-323.72,249,1395.358205
-366.02,295,1397.389253
-430.7,365,1399.90101
-315.58,240,1401.555697
-352.26,277,1403.456248
-389.6414,324,1405.677737
-407.88,334,1407.982616
-290.74,214,1409.457259
-295.72,226,1411.008806
-301.98,229,1412.586244
-373.64,308,1414.701875
-369.02,299,1416.761157
-325.8762,254,1418.509244
-416.36,341,1420.854084
-335.32,267,1422.685222
-306.7,233,1424.284612
-381.6,298,1426.340926
-328.2,257,1428.109817
-293.34,223,1429.641927
-349.34,264,1431.462464
-286.7534,216,1432.947873
-341.22,276,1434.845221
-291.16,212,1436.298689
-344.84,281,1438.230292
-309.82,230,1439.813581
-349.1,279,1441.732359
-275.76,201,1443.114635
-354.18,275,1445.008982
-300.62,228,1446.579403
-373.94,297,1448.621
-289.76,220,1450.135438
-369.38,288,1452.121184
-346.24,290,1454.113314
-368.4362,291,1456.113897
-565.127843,471,1459.362714
-320.5946,257,1461.127923
-298.7,220,1462.647563
-357.56,281,1464.583465
-317.22,240,1466.237788
-324.7259,251,1467.961292
-321.5651,249,1469.678628
-318.56,240,1471.331671
-385.64,314,1473.503856
-361.156869,278,1475.416718
-375.870196,300,1477.489107
-362.3334,284,1479.440353
-414.84,335,1481.744422
-400.523137,319,1483.951242
-292.8,222,1485.473284
-422.56,354,1487.899202
-309.78,247,1489.590886
-371.0147,302,1491.66477
-364.2169,285,1493.626298
-339.26,286,1495.581662
-421.212,349,1497.987089
-334.98,260,1499.785268
-347.389671,281,1501.724123
-346.032549,270,1503.587804
-368.271596,283,1505.542592
-425.4,338,1507.871991
-340.0735,294,1509.88236
-324.5715,245,1511.569896
-308.32,251,1513.293971
-435.72,379,1515.887847
-405.3,339,1518.219018
-344.68,293,1520.217595
-344.4502,273,1522.102916
-313.34,238,1523.735426
-396.4871,330,1526.002985
-340.12,261,1527.801754
-419.193184,318,1530.007135
-322.86,250,1531.720924
-305.46,237,1533.353934
-397.68,331,1535.62482
-393.38,307,1537.751476
-407.606,342,1540.097241
-439.74,352,1542.527967
-499.894992,415,1545.394575
-338.68,254,1547.14836
-385.433725,302,1549.225904
-328.3537,249,1550.941115
-396.534902,300,1553.021397
-408.92902,308,1555.155971
-357.54,286,1557.120087
-449.281961,384,1559.760553
-327.68,258,1561.529207
-375.52,296,1563.570122
-335.34,282,1565.497193
-426.88,350,1567.907759
-375.1649,298,1569.958721
-411.137672,244,1571.655269
-403.82,339,1573.977873
-388.679457,285,1575.972998
-302.2,244,1577.645659
-287.78,201,1579.033506
-351.26,274,1580.920408
-399.9,322,1583.139141
-328.64,248,1584.846053
-386.14,307,1586.966413
-386.2471,323,1589.183423
-372.389118,270,1591.060349
-401.162588,297,1593.145237
-341.426037,223,1594.71373
-359.706088,279,1596.649703
-301.001,226,1598.204087
-335.240392,246,1599.907296
-392.48,342,1602.240904
-322.26,246,1603.933042
-327.2,259,1605.713278
-364.74,282,1607.658394
-377.4881,303,1609.739263
-392.014118,307,1611.873067
-349.3,268,1613.725387
-322.2,262,1615.523642
-411.94,322,1617.743429
-318.48,254,1619.489578
-428.08,371,1622.035272
-422.7,322,1624.261283
-363.52,295,1626.286871
-330.86,251,1628.017268
-378.44,306,1630.114251
-428.36,335,1632.416877
-357.86,293,1634.430838
-409.24,321,1636.656463
-459.853333,381,1639.301012
-328.9,249,1641.012435
-438.393725,338,1643.346934
-322.62,261,1645.142647
-277.38,209,1646.585161
-334.5992,264,1648.399949
-289.44,218,1649.896871
-288.68,218,1651.398188
-335.9,262,1653.199421
-335.050588,254,1654.963078
-412.48,333,1657.261219
-269.5,206,1658.670406
-341.4,266,1660.504044
-366.11353,230,1662.104671
-432.37476,339,1664.467229
-332.4,254,1666.211337
-376.765492,290,1668.238688
-345.243825,257,1670.021278
-304.8,233,1671.637617
-274.38,189,1672.938293
-337.6472,258,1674.710754
-312.816863,235,1676.335009
-429.82,360,1678.806944
-395.582353,306,1680.917645
-355.36,278,1682.836935
-341.9,272,1684.701015
-275.54,212,1686.154722
-404.24,328,1688.413389
-315.78,252,1690.15301
-381.14,312,1692.309208
-373.28,299,1694.367656
-392.0,314,1696.529407
-404.4242,320,1698.733747
-310.54,236,1700.361806
-301.4,237,1701.989119
-358.16,262,1703.796801
-327.86,248,1705.504642
-355.48,276,1707.405156
-352.16,285,1709.366899
-286.12,216,1710.851586
-413.82,324,1713.090751
-312.7,252,1714.822501
-340.4,287,1716.789414
-355.92,267,1718.624245
-357.1,276,1720.528749
-317.08,238,1722.171835
-315.48,254,1723.910942
-312.38,245,1725.59437
-323.04,244,1727.285242
-428.18,339,1729.618155
-343.64,276,1731.509883
-457.64,364,1734.017259
-293.16,210,1735.455335
-382.6,299,1737.510475
-355.38,281,1739.440664
-283.72,214,1740.911578
-309.98,243,1742.577412
-356.18,276,1744.481148
-310.92,237,1746.118473
-362.266588,277,1748.033787
-483.050769,401,1750.83145
-276.72,196,1752.188158
-333.54,252,1753.92227
-379.96,290,1755.922487
-314.06,246,1757.615057
-389.22,323,1759.829097
-397.22,320,1762.023498
-400.2,309,1764.158956
-391.494118,302,1766.240757
-420.78,344,1768.601838
-352.9,287,1770.573299
-311.2,239,1772.20949
-303.46,222,1773.744854
-328.74,255,1775.501792
-339.86,275,1777.378265
-298.12,231,1778.959279
-305.46,235,1780.58129
-347.52,283,1782.520635
-289.06,226,1784.066029
-335.84,266,1785.892587
-264.24,207,1787.317661
-446.692,381,1789.943197
-396.46,316,1792.120574
-317.06,254,1793.861148
-293.88,211,1795.309437
-440.249804,343,1797.690021
-316.186275,228,1799.326202
-331.02,257,1801.101436
-265.52,187,1802.395508
-289.94,206,1803.82294
-359.52,293,1805.826975
-378.48,307,1807.94129
-335.84,257,1809.706032
-258.04,183,1810.97112
-343.24,272,1812.847739
-311.24,234,1814.462801
-382.36,312,1816.605266
-393.66,313,1818.757419
-392.78,318,1820.94369
-349.82,257,1822.730801
-341.24,279,1824.642962
-389.56,317,1826.820641
-415.82,333,1829.113426
-330.32,267,1830.940692
-349.488627,261,1832.752704
-357.908627,276,1834.665994
-334.48,267,1836.509944
-342.64,260,1838.303306
-384.06,319,1840.485672
-413.06,349,1842.873786
-307.82,248,1844.578723
-327.84,262,1846.386824
-333.74,259,1848.170366
-309.803922,235,1849.805888
-361.78,304,1851.899987
-277.56,211,1853.34636
-306.4147,229,1854.924041
-268.82,190,1856.235438
-485.02,415,1859.084782
-307.82,242,1860.74853
-310.38,247,1862.449035
-362.8,289,1864.437403
-375.88,310,1866.568079
-387.72,309,1868.694712
-306.56,219,1870.209816
-314.98,241,1871.873837
-322.78,262,1873.669086
-393.18,311,1875.811929
-465.3,368,1878.354023
-299.14,224,1879.903945
-299.26,221,1881.431068
-315.26,244,1883.099993
-293.74,216,1884.592609
-272.72,198,1885.950831
-318.08,243,1887.625244
-303.02,222,1889.156345
-260.72,195,1890.494923
-294.1,231,1892.077347
-322.18,245,1893.764748
-368.267843,291,1895.783318
-378.98,300,1897.854207
-343.02,267,1899.69594
-381.7,315,1901.859849
-322.4459,260,1903.651976
-356.38,275,1905.545336
-331.18,247,1907.242748
-356.9,274,1909.125631
-396.54,320,1911.326814
-328.16,269,1913.167292
-297.74,221,1914.69061
-331.3,271,1916.549494
-391.3702,322,1918.763381
-374.053725,279,1920.703061
-340.92,278,1922.617651
-338.58,266,1924.445099
-395.861176,305,1926.570059
-250.72,181,1927.824195
-338.52,259,1929.608718
-276.46,210,1931.054885
-326.26,251,1932.783507
-285.28,203,1934.183019
-357.3,285,1936.141715
-319.475271,241,1937.806354
-286.8813,225,1939.382534
-395.48,309,1941.520297
-339.08,281,1943.454262
-410.18,335,1945.768152
-305.96,230,1947.35082
-383.44,311,1949.501214
-325.14,243,1951.16846
-319.2,241,1952.828167
-403.207451,317,1955.017225
-410.34,336,1957.331155
-268.18,204,1958.729194
-300.68,234,1960.341095
-385.72,301,1962.409141
-308.86,234,1964.021742
-281.22,213,1965.485054
-381.36,298,1967.54024
-413.18,342,1969.89322
-350.9,263,1971.709656
-361.0407,298,1973.757913
-341.62,268,1975.605727
-345.42,270,1977.461425
-333.4278,266,1979.290401
-270.68,196,1980.639507
-433.34,371,1983.181887
-350.34,262,1984.990822
-390.487451,299,1987.055441
-395.6621,321,1989.266713
-357.28,285,1991.227858
-380.819608,281,1993.190135
-370.48,289,1995.186431
-382.46,316,1997.37175
-292.909412,206,1998.797928
-316.66,243,2000.47332
-358.78,286,2002.438072
-413.48,337,2004.762715
-395.6762,310,2006.896671
-341.94,262,2008.697526
-339.7915,262,2010.498545
-341.22549,263,2012.31122
-297.52,226,2013.878403
-272.84,201,2015.287155
-428.72,335,2017.640412
-327.62,258,2019.448336
-355.281,292,2021.491447
-278.84,210,2022.964021
-340.0,260,2024.797043
-327.84,256,2026.558847
-370.36,296,2028.629394
-338.76,261,2030.472386
-363.62,286,2032.475244
-381.74,305,2034.612836
-315.7,257,2036.423478
-276.92,203,2037.854651
-383.62,303,2039.980831
-358.28,313,2042.171866
-342.94,271,2044.046129
-344.56,260,2045.834473
-317.16,256,2047.594878
-368.66,296,2049.635278
-340.16,271,2051.504183
-281.681176,198,2052.887738
-310.16,239,2054.528547
-339.1,261,2056.326591
-422.14,332,2058.608101
-280.4,229,2060.178056
-320.08,245,2061.871315
-377.88,281,2063.807452
-438.16,371,2066.349959
-396.24,325,2068.59908
-330.72,258,2070.380573
-358.0,294,2072.415439
-301.04,233,2074.018998
-399.055889,309,2076.17923
-347.44,292,2078.181938
-378.705882,286,2080.167978
-339.02141,271,2082.057779
-314.36,244,2083.742502
-232.0,172,2084.927211
-392.3642,309,2087.064366
-363.46,279,2089.003781
-279.5,206,2090.42321
-292.086155,215,2091.917359
-305.2,226,2093.478906
-414.98,338,2095.845252
-283.38,212,2097.341025
-300.22,221,2098.904013
-329.66,261,2100.738226
-362.0,290,2102.785381
-408.874902,330,2105.107815
-389.34,307,2107.226099
-380.76,304,2109.318259
-390.82,317,2111.500264
-352.04,271,2113.371885
-310.74,231,2114.972356
-315.42,236,2116.599641
-307.12,241,2118.257068
-312.26,227,2119.828951
-302.1,226,2121.387984
-376.9,300,2123.451017
-381.88,306,2125.554513
-417.6,334,2127.865744
-314.9801,248,2129.566087
-344.04,253,2131.352772
-340.76,268,2133.202162
-360.624241,276,2135.130959
-299.16,226,2136.688517
-359.96,285,2138.652709
-402.04,334,2140.950977
-464.86,379,2143.557257
-441.1,347,2145.955541
-353.354902,269,2147.82642
-424.38,360,2150.302369
-306.02,222,2151.832428
-349.9,282,2153.771146
-394.06,324,2156.003197
-247.64,187,2157.290128
-339.1,251,2159.030695
-298.98,223,2160.57041
-380.32,308,2162.702385
-332.64,269,2164.549254
-347.8,268,2166.396627
-416.32,334,2168.704173
-357.18,295,2170.71854
-375.94,304,2172.812393
-364.46,295,2174.836026
-326.72,252,2176.573804
-277.54,205,2177.988863
-316.0,256,2179.750295
-336.22,268,2181.590115
-297.6,220,2183.104368
-333.3,252,2184.8523
-279.86,215,2186.340956
-319.04,241,2188.010844
-358.38,284,2189.961112
-508.52,412,2192.809271
-316.62,250,2194.525307
-406.34,350,2196.923878
-412.24,351,2199.330025
-408.02,322,2201.553636
-383.16,308,2203.67519
-360.98,282,2205.621725
-302.06,220,2207.141037
-465.24,408,2209.918021
-373.82,290,2211.918759
-304.58,230,2213.496352
-315.76,231,2215.080698
-289.88,225,2216.629904
-349.28,276,2218.522316
-354.28,276,2220.419431
-401.16,325,2222.645699
-374.98,302,2224.716302
-380.8,308,2226.836501
-352.3,289,2228.813946
-322.67451,241,2230.480997
-286.38,214,2231.955869
-300.84,225,2233.503487
-303.62,221,2235.024705
-350.82,267,2236.861451
-361.0,269,2238.706197
-286.44,226,2240.245251
-437.507059,363,2242.7533
-302.56,230,2244.336326
-209.86,139,2245.296187
-370.72,295,2247.322739
-309.1,239,2248.956979
-310.88,232,2250.561669
-320.36,242,2252.222538
-367.54,296,2254.255616
-414.96,341,2256.60008
-347.36,266,2258.428187
-424.8642,341,2260.774261
-307.92,226,2262.323824
-369.906667,303,2264.404993
-278.86,207,2265.828743
-325.5996,255,2267.578834
-266.28,199,2268.943106
-313.76,241,2270.601332
-448.1,365,2273.109556
-358.9,294,2275.122283
-404.9421,327,2277.369812
-274.888235,203,2278.77418
-369.5181,294,2280.800582
-319.0,239,2282.447115
-296.86,219,2283.947484
-235.28,163,2285.064559
-336.26,258,2286.832047
-400.74,330,2289.097901
-338.88,260,2290.883989
-379.661961,297,2292.925603
-320.66,228,2294.500149
-357.64,286,2296.469606
-337.44,282,2298.396936
-348.72,267,2300.238912
-388.38,307,2302.355965
-320.56,252,2304.08598
-326.6642,262,2305.891544
-366.539431,283,2307.847821
-317.76,234,2309.455886
-295.52,225,2310.997594
-291.24,220,2312.514611
-364.1261,290,2314.508901
-407.060392,324,2316.759519
-330.74,257,2318.522077
-421.9414,345,2320.881157
-423.613029,330,2323.181982
-528.838416,452,2326.304619
-329.7269,258,2328.072507
-376.62,307,2330.183482
-530.990692,344,2332.574874
-420.398401,309,2334.732662
-467.865878,360,2337.211043
-398.798575,318,2339.407749
-428.145098,341,2341.772211
-416.77601,306,2343.883658
-359.4,270,2345.742813
-379.104229,289,2347.741998
-461.1055,366,2350.259395
-378.12,301,2352.333222
-317.3,250,2354.048452
-324.172157,244,2355.739626
-267.68,196,2357.087238
-211.96,145,2358.078608
-351.16,278,2360.003208
-324.58,250,2361.714673
-362.42,280,2363.638578
-365.16,306,2365.732804
-373.88,296,2367.776984
-337.254486,265,2369.59935
-393.89732,299,2371.654842
-347.22,267,2373.496759
-300.5,240,2375.143903
-376.56,308,2377.261479
-278.18,211,2378.711752
-277.82,206,2380.128772
-336.8381,266,2381.951189
-305.76,233,2383.548018
-418.66,331,2385.801993
-277.22,206,2387.218757
-435.752819,334,2389.528398
-322.936892,235,2391.152699
-336.331412,251,2392.899804
-278.1996,221,2394.407905
-363.14,293,2396.421101
-414.76,329,2398.67807
-334.06,271,2400.533843
-452.587059,362,2403.021415
-325.74,250,2404.749917
-371.0601,298,2406.800641
-296.26,229,2408.370947
-448.46,365,2410.887497
-329.52,273,2412.745938
-343.54902,245,2414.445684
-412.38,313,2416.607501
-315.28,240,2418.256487
-357.92,281,2420.188461
-356.76,289,2422.186982
-315.1,250,2423.895217
-311.9,240,2425.545839
-347.48,279,2427.469826
-323.7,257,2429.231862
-324.14,229,2430.812378
-296.9,236,2432.433525
-369.6642,305,2434.527942
-341.58,278,2436.43406
-330.9614,264,2438.245447
-396.74,328,2440.491955
-321.2,248,2442.197986
-359.46,294,2444.208642
-332.6196,264,2446.021924
-401.2931,338,2448.337675
-361.88,291,2450.328334
-349.1678,284,2452.284912
-261.08,188,2453.573442
-315.56,254,2455.315708
-308.06,226,2456.870744
-306.42,231,2458.465127
-325.62,257,2460.222155
-290.88,206,2461.637209
-338.32,269,2463.485529
-362.2,294,2465.504926
-370.26,289,2467.495947
-320.8,261,2469.285083
-311.04,240,2470.928525
-410.58,312,2473.086385
-274.58,195,2474.438082
-299.84,224,2475.98382
-380.4,304,2478.073215
-311.66,231,2479.661009
-361.38,293,2481.676385
-388.7692,320,2483.87373
-358.88,275,2485.764133
-250.16,182,2487.012613
-449.0,361,2489.494821
-404.72,318,2491.680257
-413.26,327,2493.931886
-348.9521,289,2495.913181
-378.4814,309,2498.035545
-319.5,243,2499.700469
-291.24,225,2501.247602
-320.28,250,2502.972402
-418.5,335,2505.275917
-475.2,407,2508.062287
-356.585882,285,2510.0217
-401.175686,318,2512.22539
-471.007647,373,2514.835812
-322.7801,246,2516.530015
-372.96,301,2518.589496
-275.7,207,2520.013932
-415.36,340,2522.348855
-381.52,304,2524.439702
-407.76,328,2526.687063
-460.96,403,2529.45723
-393.28,311,2531.59395
-317.58,242,2533.262838
-336.72,262,2535.062404
-392.7589,316,2537.239993
-326.1788,254,2538.983408
-469.239686,375,2541.564006
-339.001,259,2543.349362
-290.94,218,2544.848547
-336.38,257,2546.621671
-331.2814,255,2548.371217
-398.44,318,2550.547862
-365.74,285,2552.502736
-331.78,269,2554.345992
-336.112,251,2556.071314
-350.9671,288,2558.043629
-280.34,207,2559.455424
-306.58,228,2561.026071
-435.86,355,2563.466801
-360.24,284,2565.422939
-437.9781,355,2567.861107
-359.952941,278,2569.784731
-454.02,356,2572.2433
-324.02,234,2573.845385
-383.86,310,2575.973795
-328.46,251,2577.69512
-312.16,241,2579.352693
-398.36,318,2581.540882
-324.2502,245,2583.22985
-397.524072,276,2585.141413
-436.76,361,2587.629391
-349.06,277,2589.534683
-348.64,293,2591.537091
-331.7588,247,2593.249704
-406.513729,316,2595.428013
-362.4681,288,2597.410418
-348.5686,279,2599.32669
-336.16,261,2601.126354
-473.3706,391,2603.817115
-401.773285,289,2605.850232
-327.152022,245,2607.540428
-275.54,200,2608.915998
-385.58,314,2611.073138
-332.64,269,2612.920436
-322.261,256,2614.693117
-260.56,196,2616.045186
-347.1996,267,2617.873409
-304.3347,237,2619.499136
-360.58,291,2621.498803
-265.16,184,2622.770142
-363.5,288,2624.753849
-290.3981,218,2626.259479
-422.04,335,2628.570838
-274.8,206,2629.982076
-340.78,271,2631.846939
-317.0,240,2633.497253
-253.78,193,2634.822952
-329.92,257,2636.587321
-274.44,213,2638.0471
-333.773333,249,2639.765639
-252.2,165,2640.906932
-308.4,229,2642.482724
-303.34,232,2644.079818
-360.04,298,2646.118904
-273.6,196,2647.471617
-321.28,250,2649.190689
-425.5,364,2651.680963
-379.8278,312,2653.823539
-359.72,278,2655.736102
-322.18,246,2657.434115
-331.88,259,2659.214397
-398.7,314,2661.387127
-339.56,262,2663.197436
-314.9,250,2664.91579
-281.94,217,2666.398401
-404.474902,326,2668.658834
-326.9747,258,2670.433936
-372.46,310,2672.56032
-388.3334,314,2674.708989
-357.06,270,2676.569191
-364.16,288,2678.549587
-480.7405,413,2681.380692
-341.797135,270,2683.258182
-415.104706,335,2685.576618
-449.94,390,2688.241678
-439.42,372,2690.786778
-394.56,316,2692.960655
-293.28,224,2694.498777
-261.02,191,2695.807977
-417.0381,329,2698.065581
-461.8,381,2700.682434
-363.78,295,2702.7022
-305.54,231,2704.295125
-476.18,396,2707.014252
-381.86,321,2709.217427
-439.94,365,2711.723218
-336.9741,277,2713.620425
-415.7,337,2715.929949
-345.9642,271,2717.795082
-307.174649,231,2719.381588
-348.141756,241,2721.060966
-322.072941,235,2722.681093
-314.98,244,2724.364452
-322.1,252,2726.103321
-409.24,348,2728.478677
-360.38,286,2730.443544
-368.92,318,2732.618275
-443.2,370,2735.155097
-354.32,273,2737.037286
-375.28,321,2739.232816
-333.94,259,2741.010513
-432.16,375,2743.576078
-393.68,319,2745.764791
-288.76,231,2747.353339
-399.88,308,2749.472481
-359.32,282,2751.413371
-387.7,303,2753.488955
-398.27098,330,2755.768341
-286.64,211,2757.22263
-383.26,309,2759.348024
-325.24,252,2761.085517
-362.18,281,2763.022098
-299.18,228,2764.588381
-306.78,235,2766.197366
-323.06,253,2767.93706
-312.2943,235,2769.558239
-408.5,323,2771.781204
-259.46,183,2773.04638
-396.02,312,2775.193595
-393.3947,317,2777.369461
-340.5,265,2779.195195
-401.1,330,2781.456254
-335.46,274,2783.336718
-454.64,363,2785.825099
-335.46,254,2787.571476
-327.3343,257,2789.336143
-386.3,318,2791.512993
-357.4596,280,2793.435789
-369.865098,279,2795.361667
-394.34,319,2797.544943
-310.1902,229,2799.118548
-338.9,272,2800.985474
-431.361,353,2803.411659
-362.842353,291,2805.430545
-370.44,298,2807.484664
-342.98,277,2809.382266
-345.42,282,2811.312668
-297.76,227,2812.878568
-354.4981,284,2814.823143
-309.44,237,2816.452966
-370.74,293,2818.467988
-291.46,223,2820.00688
-362.08,283,2821.955024
-346.961,289,2823.927278
-433.18,347,2826.316971
-392.738824,307,2828.443869
-284.14,206,2829.862835
-360.5007,283,2831.811059
-293.079608,214,2833.291102
-391.0413,320,2835.485951
-338.641176,268,2837.329605
-321.219216,235,2838.954524
-314.98,243,2840.629063
-394.18,317,2842.798402
-327.22,258,2844.576114
-364.66,300,2846.63535
-380.76,311,2848.774206
-377.84,307,2850.884212
-440.951373,348,2853.290298
-311.3,243,2854.961169
-384.071765,300,2857.040395
-290.82,221,2858.563057
-336.9,269,2860.408945
-289.16,229,2861.976494
-348.34,292,2863.97465
-313.841,244,2865.654085
-359.603137,278,2867.567405
-304.2,224,2869.110985
-410.8762,326,2871.350627
-336.78,268,2873.195236
-333.02,264,2875.003479
-324.74,257,2876.76711
-408.04,339,2879.091018
-383.56,297,2881.13554
-359.56,299,2883.191113
-344.8162,269,2885.043371
-362.82,296,2887.074186
-294.2902,216,2888.558655
-396.608627,313,2890.717247
-410.78,343,2893.070755
-326.9478,265,2894.887517
-265.54,199,2896.252857
-377.4,286,2898.228556
-415.88,331,2900.50482
-345.52,271,2902.363452
-416.42,343,2904.714317
-385.6702,306,2906.815731
-248.5,177,2908.033382
-351.55687,244,2909.733536
-349.36,282,2911.667215
-399.38,310,2913.803567
-252.02,176,2915.014166
-378.54,303,2917.099867
-341.1,265,2918.920645
-326.1,259,2920.701894
-321.24,244,2922.378884
-377.4,304,2924.462267
-346.16,265,2926.287124
-288.0,210,2927.735255
-282.22,212,2929.188107
-289.5,225,2930.728317
-335.12,264,2932.543004
-327.24,260,2934.330102
-353.38,281,2936.260454
-356.5,297,2938.30308
-315.3562,245,2939.985729
-327.072941,244,2941.686761
-408.1,323,2943.906087
-319.368627,234,2945.529399
-372.54,296,2947.567099
-383.76,304,2949.653716
-348.36,282,2951.592517
-308.02,231,2953.184053
-410.52,343,2955.539882
-465.7042,389,2958.219976
-358.24,285,2960.175427
-375.0341,300,2962.239839
-307.36,240,2963.889497
-422.84,330,2966.162705
-352.9081,285,2968.124072
-334.98,254,2969.864317
-297.4,228,2971.432293
-417.140392,333,2973.743835
-412.570196,324,2975.978125
-419.16,343,2978.336543
-324.22,261,2980.120975
-276.08,214,2981.584035
-412.8362,316,2983.760815
-408.833725,325,2985.994371
-441.76,363,2988.490203
-337.36,270,2990.337707
-319.78,249,2992.046656
-301.42,223,2993.576797
-405.42,321,2995.785837
-306.02,240,2997.434538
-331.151765,248,2999.151911
-312.92,236,3000.774173
-284.88,195,3002.116596
-280.68,211,3003.569954
-374.56,318,3005.73774
-354.92,290,3007.735943
-395.4334,308,3009.854787
-353.96,274,3011.740239
-346.7992,267,3013.577947
-286.4,215,3015.046912
-355.4,286,3017.015254
-315.92,244,3018.697246
-351.978824,274,3020.58213
-379.78,308,3022.690284
-354.78,278,3024.600299
-303.2946,227,3026.162655
-370.52,288,3028.136297
-298.98,238,3029.768912
-238.86,163,3030.887275
-327.8,254,3032.63151
-314.6,242,3034.294416
-442.12,387,3036.950557
-368.36,285,3038.911006
-291.52,223,3040.441891
-274.1341,205,3041.852063
-386.140769,287,3043.862231
-365.92,294,3045.884431
-283.74,229,3047.458021
-396.3,312,3049.613891
-435.24,341,3051.963855
-341.25098,264,3053.772158
-448.512157,364,3056.284302
-365.86,287,3058.259142
-462.06,390,3060.93838
-406.866667,305,3063.058229
-309.48,232,3064.654271
-380.68,319,3066.840359
-326.9,268,3068.671646
-288.22,214,3070.135789
-322.4341,253,3071.877436
-379.22,305,3073.970658
-354.36,279,3075.88348
-370.16,312,3078.010123
-407.3,329,3080.274842
-357.32,278,3082.180837
-316.72,236,3083.804825
-367.04,295,3085.82934
-264.46,192,3087.14837
-297.8,226,3088.696704
-288.32,207,3090.132072
-284.62,205,3091.538546
-375.6,306,3093.64544
-311.64,248,3095.352667
-410.16,346,3097.721562
-324.240802,239,3099.370007
-367.3672,304,3101.447207
-338.26,259,3103.236305
-302.92,228,3104.811798
-266.74,201,3106.190251
-308.2,227,3107.754186
-348.622176,282,3109.693514
-360.602745,284,3111.64678
-374.74,303,3113.730614
-396.22,328,3115.979919
-325.04,236,3117.610347
-317.14,234,3119.218039
-336.54,261,3121.006966
-356.32,271,3122.870131
-422.639608,330,3125.156756
-337.32,273,3127.027899
-404.798824,315,3129.202885
-352.42,272,3131.068672
-320.32,245,3132.752804
-370.36,284,3134.704853
-439.68,357,3137.155549
-365.6,291,3139.153138
-337.9,255,3140.916264
-349.2,274,3142.796243
-319.72,255,3144.545912
-365.74,283,3146.493698
-332.04,260,3148.274551
-312.82,252,3149.991098
-307.62,235,3151.603293
-338.88,258,3153.381267
-386.56,316,3155.539986
-316.38,239,3157.189184
-321.04,262,3158.975317
-312.62,240,3160.632853
-338.98,278,3162.537325
-399.38,333,3164.820646
-304.56,232,3166.411901
-415.3,336,3168.730942
-375.78,304,3170.819922
-327.46,251,3172.546613
-405.78,334,3174.841984
-387.84,305,3176.949276
-362.22,298,3178.991797
-353.44,279,3180.907717
-375.6,295,3182.937147
-274.54,198,3184.300901
-285.7,201,3185.678702
-285.3,217,3187.164707
-307.1,242,3188.818169
-318.28,243,3190.496514
-258.64,196,3191.841526
-343.82,274,3193.722222
-299.48,236,3195.337421
-482.1381,400,3198.085685
-347.923922,267,3199.934987
-436.94,364,3202.43557
-301.58,236,3204.050225
-322.5,245,3205.735622
-454.3384,365,3208.248049
-404.5,323,3210.472283
-269.18,209,3211.904652
-379.58,314,3214.053752
-333.36,256,3215.820991
-369.06,304,3217.893275
-286.42,215,3219.364142
-346.86,266,3221.255923
-316.54,242,3222.913807
-372.46,287,3224.882045
-387.12,309,3227.010448
-381.68,297,3229.063123
-317.1442,258,3230.826682
-359.56,273,3232.71552
-349.52,262,3234.51913
-335.1,273,3236.401334
-357.82,302,3238.471138
-375.74,304,3240.557007
-362.18,310,3242.671114
-337.92,275,3244.559411
-288.9,225,3246.098005
-375.06,315,3248.259149
-388.46,314,3250.420715
-286.8,216,3251.909588
-336.72,266,3253.735493
-373.96,289,3255.731981
-324.24,263,3257.540322
-347.96,271,3259.397412
-336.42,266,3261.232759
-307.12,232,3262.825185
-386.8,299,3264.880494
-352.24,275,3266.772293
-260.56,184,3268.041703
-284.34,214,3269.514938
-345.4169,273,3271.391324
-332.12,252,3273.124574
-348.08,273,3275.000664
-296.12,221,3276.529724
-328.18,249,3278.240046
-351.46,276,3280.135272
-301.027451,211,3281.598635
-374.96,285,3283.566814
-318.5,238,3285.206227
-332.62,245,3286.895993
-445.52,358,3289.365505
-344.08,273,3291.244113
-387.02,317,3293.41712
-323.7,241,3295.074371
-350.8,264,3296.888866
-336.86,262,3298.68627
-393.22,302,3300.770975
-415.0442,335,3303.078228
-389.34,321,3305.27432
-449.117875,349,3307.688279
-391.657255,297,3309.740525
-312.48,239,3311.384053
-353.48,270,3313.248416
-343.84,279,3315.160793
-410.0871,329,3317.427515
-402.68,316,3319.593145
-275.54,201,3320.974815
-370.58,298,3323.0177
-395.34,314,3325.176722
-396.28,296,3327.218609
-337.4,280,3329.152074
-389.58,324,3331.375987
-301.2,224,3332.931367
-292.04,215,3334.409264
-336.4,262,3336.215472
-281.56,212,3337.669235
-631.642686,362,3340.168385
-326.2071,263,3341.983272
-318.54,250,3343.698528
-300.58,218,3345.202085
-399.22,310,3347.34164
-336.64,252,3349.074604
-301.46,221,3350.590751
-399.88,319,3352.782553
-303.8,233,3354.380957
-331.76,261,3356.16394
-432.020664,343,3358.552075
-319.7,248,3360.256217
-375.82,307,3362.367197
-305.24,224,3363.919123
-351.34,282,3365.860181
-381.44,305,3367.952654
-278.9,212,3369.40555
-356.0346,275,3371.299525
-317.64,247,3372.990395
-297.069804,209,3374.433833
-318.86,244,3376.106169
-301.82,235,3377.71426
-371.4981,323,3379.921459
-317.48,241,3381.568929
-335.96,262,3383.367058
-373.06,313,3385.516056
-369.34,289,3387.500996
-372.76,293,3389.502584
-355.44,286,3391.466173
-298.44,227,3393.031245
-304.66,236,3394.637004
-368.6131,289,3396.624467
-307.38,232,3398.21166
-454.63098,367,3400.747286
-290.46,213,3402.210536
-332.6,261,3403.999451
-347.7,281,3405.92938
-299.8,222,3407.450537
-356.72,283,3409.388856
-362.0,282,3411.324649
-312.78,235,3412.942534
-272.3,205,3414.348966
-372.86,290,3416.345395
-453.06,369,3418.880105
-313.86,236,3420.50705
-331.32,262,3422.303022
-342.58,264,3424.117464
-386.12,305,3426.221204
-291.86,214,3427.693624
-418.82,335,3429.993532
-342.1,268,3431.840078
-358.76,297,3433.86908
-302.38,238,3435.509292
-305.4,235,3437.115944
-315.56,244,3438.783327
-432.68,345,3441.152864
-340.82,271,3443.008712
-410.6,326,3445.249319
-299.28,227,3446.806229
-294.36,223,3448.343715
-340.4934,265,3450.164706
-293.46,225,3451.704065
-321.72,247,3453.395634
-377.24,293,3455.406377
-364.56,287,3457.372116
-309.12,252,3459.091738
-357.66,279,3461.013063
-273.44,189,3462.315545
-298.8134,225,3463.85763
-427.88,348,3466.249032
-327.32,255,3467.997925
-450.3,374,3470.568306
-448.831765,364,3473.053221
-362.14,288,3475.02588
